{"cameraMode":{"drawMode":0,"name":"Shaded","section":"Shading Mode"},"sceneLighting":true,"audioPlay":false,"sceneViewState":{"m_AlwaysRefresh":false,"showFog":true,"showSkybox":true,"showFlares":true,"showImageEffects":true,"showParticleSystems":true,"showVisualEffectGraphs":true,"m_FxEnabled":true},"in2DMode":false,"pivot":{"x":-1.7342609167099,"y":2.7962453365325929,"z":17.85296058654785},"rotation":{"x":0.032989535480737689,"y":-0.016490299254655839,"z":0.0005443786503747106,"w":0.9993197321891785},"size":13.242807388305664,"orthographic":false}