{"cameraMode":{"drawMode":0,"name":"Shaded","section":"Shading Mode"},"sceneLighting":true,"audioPlay":false,"sceneViewState":{"m_AlwaysRefresh":false,"showFog":true,"showSkybox":true,"showFlares":true,"showImageEffects":true,"showParticleSystems":true,"showVisualEffectGraphs":true,"m_FxEnabled":true},"in2DMode":false,"pivot":{"x":-1.5655163526535035,"y":5.79843807220459,"z":13.74143123626709},"rotation":{"x":-0.035977598279714587,"y":-0.028477665036916734,"z":-0.0010256360983476043,"w":0.9989457726478577},"size":14.1139497756958,"orthographic":false}