{"cameraMode":{"drawMode":0,"name":"Shaded","section":"Shading Mode"},"sceneLighting":true,"audioPlay":false,"sceneViewState":{"m_AlwaysRefresh":false,"showFog":true,"showSkybox":true,"showFlares":true,"showImageEffects":true,"showParticleSystems":true,"showVisualEffectGraphs":true,"m_FxEnabled":true},"in2DMode":false,"pivot":{"x":1.8236523866653443,"y":-1.064307451248169,"z":28.49905776977539},"rotation":{"x":0.02699669450521469,"y":0.002998819574713707,"z":-0.000080622143286746,"w":0.9996339082717896},"size":26.743249893188478,"orthographic":false}